id_servico;data_abertura;data_conclusao;tipo_equipamento;tipo_problema;garantia;valor_cobrado;custo_peca;margem;tempo_atendimento;tecnico;experiencia_anos;tipo_cliente;id_servico
1061;13/12/2024;17/08/2024;Freezer;Vazamento;0;739.72;120.16;619.56;-118;Carlos Silva;8;Residencial;Zona Norte
1066;22/08/2024;07/05/2024;Ar Condicionado;Sem Resfriamento;0;894.96;543.69;351.27;-107;Carlos Silva;8;Comercial;Tijuca
1070;18/08/2024;22/09/2024;Freezer;Placa Defeito;0;1270.20;481.90;788.30;35;Carlos Silva;8;Residencial;Tijuca
1077;18/02/2024;29/06/2024;Ar Condicionado;Sem Resfriamento;1;926.43;239.04;687.39;132;Carlos Silva;8;Residencial;Centro
1108;20/12/2024;18/07/2024;Geladeira;Sem Resfriamento;0;1389.88;405.54;984.34;-155;Carlos Silva;8;Residencial;Zona Sul
1148;25/09/2024;24/09/2024;Ar Condicionado;Placa Defeito;0;921.95;246.43;675.52;-1;Carlos Silva;8;Residencial;Zona Sul
1170;25/05/2024;14/12/2024;Ar Condicionado;Placa Defeito;0;430.36;569.86;-139.50;203;Carlos Silva;8;Comercial;Copacabana
1185;22/04/2024;04/07/2024;Freezer;Motor Queimado;1;1363.67;553.09;810.58;73;Carlos Silva;8;Comercial;Tijuca
1203;02/12/2024;03/07/2024;Geladeira;Vazamento;0;908.22;556.96;351.26;-152;Carlos Silva;8;Comercial;Zona Sul
1205;06/01/2024;05/06/2024;Geladeira;Placa Defeito;0;1045.58;467.44;578.14;151;Carlos Silva;8;Residencial;Barra
1207;21/09/2024;16/09/2024;Freezer;Motor Queimado;0;1240.55;297.33;943.22;-5;Carlos Silva;8;Residencial;Centro
1215;26/12/2024;03/01/2024;Geladeira;Vazamento;0;1378.52;546.16;832.36;-358;Carlos Silva;8;Residencial;Centro
1255;08/12/2024;29/02/2024;Geladeira;Vazamento;0;593.89;513.54;80.35;-283;Carlos Silva;8;Comercial;Tijuca
1266;22/02/2024;26/02/2024;Geladeira;Placa Defeito;0;645.76;205.96;439.80;4;Carlos Silva;8;Residencial;Tijuca
1282;19/07/2024;16/03/2024;Geladeira;Sem Resfriamento;0;758.41;463.40;295.01;-125;Carlos Silva;8;Residencial;Centro
1286;02/11/2024;12/06/2024;Geladeira;Vazamento;0;1216.08;118.07;1098.01;-143;Carlos Silva;8;Residencial;Tijuca
1316;05/11/2024;01/10/2024;Ar Condicionado;Motor Queimado;0;344.44;345.15;-0.71;-35;Carlos Silva;8;Residencial;Tijuca
1319;21/08/2024;23/10/2024;Geladeira;Sem Resfriamento;0;595.16;180.78;414.38;63;Carlos Silva;8;Residencial;Centro
1335;20/08/2024;19/08/2024;Geladeira;Sem Resfriamento;0;744.62;276.26;468.36;-1;Carlos Silva;8;Residencial;Zona Norte
1351;13/04/2024;26/02/2024;Ar Condicionado;Sem Resfriamento;0;881.05;551.91;329.14;-47;Carlos Silva;8;Residencial;Tijuca
1361;06/10/2024;13/10/2024;Freezer;Vazamento;0;1153.23;405.18;748.05;7;Carlos Silva;8;Residencial;Zona Norte
1388;12/07/2024;29/06/2024;Ar Condicionado;Sem Resfriamento;0;1022.26;467.71;554.55;-13;Carlos Silva;8;Residencial;Tijuca
1399;21/02/2024;02/04/2024;Geladeira;Placa Defeito;1;491.61;275.51;216.10;41;Carlos Silva;8;Residencial;Zona Norte
1411;21/08/2024;01/04/2024;Ar Condicionado;Motor Queimado;1;312.72;145.67;167.05;-142;Carlos Silva;8;Residencial;Copacabana
1425;26/07/2024;13/12/2024;Freezer;Placa Defeito;0;930.06;252.32;677.74;140;Carlos Silva;8;Residencial;Centro
1443;11/07/2024;31/01/2024;Ar Condicionado;Motor Queimado;0;944.24;430.16;514.08;-162;Carlos Silva;8;Residencial;Zona Sul
1482;02/03/2024;15/07/2024;Geladeira;Sem Resfriamento;0;540.13;482.32;57.81;135;Carlos Silva;8;Residencial;Barra
1490;21/05/2024;12/06/2024;Ar Condicionado;Placa Defeito;0;996.11;446.60;549.51;22;Carlos Silva;8;Residencial;Zona Norte
1493;19/04/2024;21/06/2024;Ar Condicionado;Placa Defeito;0;1079.96;355.15;724.81;63;Carlos Silva;8;Residencial;Zona Sul
1540;31/01/2024;01/09/2024;Freezer;Sem Resfriamento;0;237.74;431.67;-193.93;214;Carlos Silva;8;Comercial;Tijuca
1078;06/10/2024;07/07/2024;Ar Condicionado;Motor Queimado;1;1078.99;215.18;863.81;-91;Marcos Lima;5;Residencial;Copacabana
1086;07/06/2024;18/05/2024;Ar Condicionado;Sem Resfriamento;0;927.43;490.92;436.51;-20;Marcos Lima;5;Comercial;Tijuca
1099;08/02/2024;24/01/2024;Freezer;Motor Queimado;0;1000.24;534.98;465.26;-15;Marcos Lima;5;Residencial;Tijuca
1110;16/01/2024;04/05/2024;Ar Condicionado;Sem Resfriamento;0;723.77;433.20;290.57;109;Marcos Lima;5;Residencial;Barra
1131;14/05/2024;06/10/2024;Geladeira;Placa Defeito;0;508.74;534.37;-25.63;145;Marcos Lima;5;Comercial;Tijuca
1140;24/09/2024;25/09/2024;Geladeira;Sem Resfriamento;0;335.48;362.21;-26.73;1;Marcos Lima;5;Residencial;Tijuca
1188;25/12/2024;05/08/2024;Geladeira;Vazamento;1;1161.84;333.10;828.74;-142;Marcos Lima;5;Comercial;Barra
1213;25/01/2024;21/12/2024;Geladeira;Vazamento;1;372.48;484.09;-111.61;331;Marcos Lima;5;Comercial;Tijuca
1228;21/06/2024;12/08/2024;Geladeira;Placa Defeito;0;510.14;435.81;74.33;52;Marcos Lima;5;Residencial;Centro
1241;10/11/2024;18/06/2024;Geladeira;Vazamento;0;1374.10;296.46;1077.64;-145;Marcos Lima;5;Residencial;Centro
1243;09/06/2024;16/05/2024;Freezer;Placa Defeito;1;1237.43;446.84;790.59;-24;Marcos Lima;5;Comercial;Tijuca
1251;11/01/2024;10/01/2024;Ar Condicionado;Placa Defeito;0;752.53;184.02;568.51;-1;Marcos Lima;5;Comercial;Centro
1288;16/07/2024;18/06/2024;Ar Condicionado;Placa Defeito;0;1072.58;144.37;928.21;-28;Marcos Lima;5;Residencial;Tijuca
1326;16/05/2024;01/07/2024;Geladeira;Vazamento;0;325.52;555.81;-230.29;46;Marcos Lima;5;Residencial;Zona Norte
1346;05/05/2024;27/05/2024;Freezer;Placa Defeito;0;330.99;287.66;43.33;22;Marcos Lima;5;Comercial;Barra
1355;11/03/2024;08/01/2024;Freezer;Placa Defeito;0;1293.45;380.73;912.72;-63;Marcos Lima;5;Residencial;Copacabana
1365;26/08/2024;23/04/2024;Ar Condicionado;Placa Defeito;0;830.23;564.44;265.79;-125;Marcos Lima;5;Residencial;Tijuca
1383;13/11/2024;12/05/2024;Ar Condicionado;Sem Resfriamento;0;1346.15;480.42;865.73;-185;Marcos Lima;5;Residencial;Centro
1392;02/10/2024;06/07/2024;Ar Condicionado;Vazamento;0;1344.07;145.40;1198.67;-88;Marcos Lima;5;Residencial;Barra
1423;01/12/2024;03/11/2024;Freezer;Sem Resfriamento;1;490.77;490.98;-0.21;-28;Marcos Lima;5;Residencial;Centro
1451;20/05/2024;09/05/2024;Ar Condicionado;Vazamento;0;1235.76;444.77;790.99;-11;Marcos Lima;5;Comercial;Tijuca
1454;20/01/2024;14/05/2024;Geladeira;Placa Defeito;0;929.47;257.24;672.23;115;Marcos Lima;5;Residencial;Centro
1473;30/09/2024;17/04/2024;Geladeira;Vazamento;0;451.93;564.66;-112.73;-166;Marcos Lima;5;Comercial;Tijuca
1487;01/07/2024;06/12/2024;Ar Condicionado;Vazamento;0;527.31;344.90;182.41;158;Marcos Lima;5;Residencial;Barra
1518;23/08/2024;26/04/2024;Geladeira;Sem Resfriamento;0;852.41;277.99;574.42;-119;Marcos Lima;5;Comercial;Barra
1522;25/09/2024;11/03/2024;Geladeira;Motor Queimado;0;1281.76;573.62;708.14;-198;Marcos Lima;5;Residencial;Copacabana
1538;19/01/2024;22/09/2024;Geladeira;Motor Queimado;0;1289.15;242.60;1046.55;247;Marcos Lima;5;Residencial;Zona Norte
1539;03/04/2024;30/08/2024;Freezer;Vazamento;0;883.65;462.25;421.40;149;Marcos Lima;5;Residencial;Barra
1550;07/12/2024;25/02/2024;Geladeira;Sem Resfriamento;0;695.58;515.93;179.65;-286;Marcos Lima;5;Comercial;Tijuca
1073;08/04/2024;03/07/2024;Ar Condicionado;Placa Defeito;0;1330.19;394.00;936.19;86;João Pereira;2;Residencial;Barra
1082;18/07/2024;14/03/2024;Geladeira;Vazamento;0;1269.54;213.24;1056.30;-126;João Pereira;2;Residencial;Zona Norte
1106;13/05/2024;24/06/2024;Ar Condicionado;Sem Resfriamento;1;927.72;296.34;631.38;42;João Pereira;2;Residencial;Tijuca
1127;26/09/2024;11/06/2024;Ar Condicionado;Vazamento;1;519.75;164.85;354.90;-107;João Pereira;2;Residencial;Zona Norte
1136;02/09/2024;08/09/2024;Ar Condicionado;Vazamento;0;531.15;392.21;138.94;6;João Pereira;2;Residencial;Zona Norte
1146;11/09/2024;13/06/2024;Freezer;Placa Defeito;0;641.80;154.87;486.93;-90;João Pereira;2;Residencial;Barra
1178;03/08/2024;03/03/2024;Ar Condicionado;Sem Resfriamento;1;213.78;170.75;43.03;-153;João Pereira;2;Residencial;Tijuca
1191;29/08/2024;25/03/2024;Geladeira;Motor Queimado;0;589.03;411.67;177.36;-157;João Pereira;2;Residencial;Copacabana
1216;30/09/2024;12/04/2024;Ar Condicionado;Motor Queimado;0;463.93;132.13;331.80;-171;João Pereira;2;Comercial;Tijuca
1240;04/08/2024;30/12/2024;Geladeira;Vazamento;0;825.51;121.19;704.32;148;João Pereira;2;Residencial;Zona Sul
1285;04/09/2024;03/03/2024;Freezer;Vazamento;0;565.79;329.60;236.19;-185;João Pereira;2;Residencial;Zona Sul
1336;25/08/2024;24/05/2024;Ar Condicionado;Vazamento;0;995.00;548.65;446.35;-93;João Pereira;2;Residencial;Centro
1339;05/01/2024;12/05/2024;Freezer;Motor Queimado;0;274.56;397.01;-122.45;128;João Pereira;2;Residencial;Zona Norte
1375;18/06/2024;16/12/2024;Geladeira;Motor Queimado;0;567.09;246.88;320.21;181;João Pereira;2;Comercial;Tijuca
1376;28/06/2024;07/12/2024;Geladeira;Motor Queimado;0;644.02;489.89;154.13;162;João Pereira;2;Residencial;Tijuca
1384;10/12/2024;08/02/2024;Ar Condicionado;Sem Resfriamento;1;353.72;361.52;-7.80;-306;João Pereira;2;Comercial;Zona Norte
1464;30/06/2024;25/11/2024;Freezer;Placa Defeito;0;1063.43;226.51;836.92;148;João Pereira;2;Comercial;Tijuca
1468;02/12/2024;26/04/2024;Ar Condicionado;Vazamento;0;942.72;123.49;819.23;-220;João Pereira;2;Comercial;Barra
1469;01/04/2024;05/10/2024;Ar Condicionado;Placa Defeito;0;708.60;301.32;407.28;187;João Pereira;2;Residencial;Barra
1500;01/01/2024;18/03/2024;Freezer;Sem Resfriamento;0;568.72;482.94;85.78;77;João Pereira;2;Residencial;Copacabana
1501;17/12/2024;13/09/2024;Ar Condicionado;Placa Defeito;0;462.87;381.57;81.30;-95;João Pereira;2;Residencial;Barra
1507;30/01/2024;15/04/2024;Geladeira;Placa Defeito;0;218.96;499.54;-280.58;76;João Pereira;2;Residencial;Copacabana
1542;16/10/2024;28/09/2024;Freezer;Sem Resfriamento;1;967.14;108.13;859.01;-18;João Pereira;2;Residencial;Barra
1545;14/01/2024;01/12/2024;Freezer;Vazamento;0;702.97;358.56;344.41;322;João Pereira;2;Residencial;Tijuca
1060;15/04/2024;06/03/2024;Freezer;Sem Resfriamento;0;317.06;118.39;198.67;-40;Rafael Souza;10;Comercial;Zona Norte
1088;11/03/2024;21/12/2024;Freezer;Motor Queimado;0;1082.66;365.51;717.15;285;Rafael Souza;10;Residencial;Centro
1101;26/10/2024;30/01/2024;Geladeira;Vazamento;0;411.52;106.40;305.12;-270;Rafael Souza;10;Residencial;Tijuca
1107;19/10/2024;17/02/2024;Ar Condicionado;Motor Queimado;1;891.45;193.44;698.01;-245;Rafael Souza;10;Comercial;Barra
1125;15/09/2024;16/06/2024;Freezer;Placa Defeito;0;447.81;217.64;230.17;-91;Rafael Souza;10;Residencial;Centro
1133;28/02/2024;06/09/2024;Freezer;Motor Queimado;1;842.24;499.04;343.20;191;Rafael Souza;10;Residencial;Tijuca
1139;18/02/2024;08/10/2024;Ar Condicionado;Sem Resfriamento;1;463.17;465.40;-2.23;233;Rafael Souza;10;Residencial;Zona Norte
1145;08/04/2024;29/07/2024;Freezer;Placa Defeito;0;867.21;503.47;363.74;112;Rafael Souza;10;Residencial;Tijuca
1155;30/09/2024;20/10/2024;Geladeira;Motor Queimado;1;1035.67;235.79;799.88;20;Rafael Souza;10;Residencial;Zona Norte
1165;05/03/2024;20/01/2024;Geladeira;Placa Defeito;0;367.86;499.64;-131.78;-45;Rafael Souza;10;Residencial;Tijuca
1217;27/05/2024;07/02/2024;Geladeira;Placa Defeito;0;434.65;100.98;333.67;-110;Rafael Souza;10;Comercial;Centro
1225;28/02/2024;14/07/2024;Geladeira;Motor Queimado;0;851.54;336.10;515.44;137;Rafael Souza;10;Residencial;Tijuca
1230;14/11/2024;12/03/2024;Geladeira;Placa Defeito;0;1031.01;503.20;527.81;-247;Rafael Souza;10;Residencial;Barra
1303;27/02/2024;07/04/2024;Geladeira;Motor Queimado;0;361.74;401.22;-39.48;40;Rafael Souza;10;Comercial;Centro
1314;02/02/2024;19/11/2024;Geladeira;Motor Queimado;0;998.77;485.69;513.08;291;Rafael Souza;10;Residencial;Zona Norte
1321;02/12/2024;25/07/2024;Freezer;Placa Defeito;0;979.32;165.01;814.31;-130;Rafael Souza;10;Residencial;Centro
1343;04/04/2024;24/10/2024;Ar Condicionado;Placa Defeito;1;222.71;368.99;-146.28;203;Rafael Souza;10;Residencial;Tijuca
1371;25/12/2024;03/02/2024;Geladeira;Motor Queimado;0;748.78;146.71;602.07;-326;Rafael Souza;10;Comercial;Tijuca
1403;28/02/2024;06/02/2024;Freezer;Sem Resfriamento;0;728.73;187.35;541.38;-22;Rafael Souza;10;Residencial;Zona Sul
1422;31/05/2024;02/04/2024;Geladeira;Vazamento;0;1073.31;91.47;981.84;-59;Rafael Souza;10;Residencial;Copacabana
1458;16/10/2024;18/09/2024;Ar Condicionado;Vazamento;1;1324.36;145.28;1179.08;-28;Rafael Souza;10;Residencial;Barra
1498;26/01/2024;11/06/2024;Freezer;Placa Defeito;0;1213.85;259.79;954.06;137;Rafael Souza;10;Residencial;Centro
1506;29/07/2024;01/06/2024;Freezer;Motor Queimado;1;1006.27;319.98;686.29;-58;Rafael Souza;10;Residencial;Zona Norte
1534;28/11/2024;02/02/2024;Geladeira;Placa Defeito;0;700.58;238.87;461.71;-300;Rafael Souza;10;Residencial;Copacabana
1535;22/02/2024;16/09/2024;Freezer;Sem Resfriamento;0;1093.55;552.59;540.96;207;Rafael Souza;10;Residencial;Zona Sul
1551;12/02/2024;20/01/2024;Geladeira;Vazamento;0;1222.80;521.19;701.61;-23;Rafael Souza;10;Residencial;Tijuca
1103;15/11/2024;17/01/2024;Ar Condicionado;Placa Defeito;0;779.29;546.83;232.46;-303;Lucas Mendes;3;Residencial;Tijuca
1134;18/11/2024;05/09/2024;Freezer;Placa Defeito;0;1369.62;121.75;1247.87;-74;Lucas Mendes;3;Residencial;Tijuca
1184;18/10/2024;16/07/2024;Ar Condicionado;Motor Queimado;0;1185.76;308.11;877.65;-94;Lucas Mendes;3;Residencial;Zona Sul
1198;06/01/2024;30/04/2024;Ar Condicionado;Placa Defeito;0;1378.77;164.70;1214.07;115;Lucas Mendes;3;Residencial;Zona Sul
1202;07/05/2024;23/11/2024;Freezer;Placa Defeito;0;1191.58;200.33;991.25;200;Lucas Mendes;3;Residencial;Tijuca
1222;28/06/2024;22/08/2024;Freezer;Sem Resfriamento;0;514.52;325.01;189.51;55;Lucas Mendes;3;Residencial;Barra
1247;12/02/2024;04/02/2024;Geladeira;Motor Queimado;0;242.80;83.15;159.65;-8;Lucas Mendes;3;Residencial;Zona Norte
1254;06/01/2024;11/02/2024;Geladeira;Motor Queimado;0;333.11;386.12;-53.01;36;Lucas Mendes;3;Residencial;Copacabana
1259;17/10/2024;31/03/2024;Geladeira;Sem Resfriamento;0;816.96;503.74;313.22;-200;Lucas Mendes;3;Comercial;Tijuca
1260;21/03/2024;19/06/2024;Ar Condicionado;Motor Queimado;1;482.36;161.53;320.83;90;Lucas Mendes;3;Residencial;Zona Norte
1262;20/08/2024;20/04/2024;Ar Condicionado;Sem Resfriamento;0;743.39;157.41;585.98;-122;Lucas Mendes;3;Residencial;Zona Sul
1295;02/04/2024;15/01/2024;Ar Condicionado;Placa Defeito;0;582.24;130.78;451.46;-78;Lucas Mendes;3;Residencial;Barra
1310;19/04/2024;18/09/2024;Geladeira;Placa Defeito;0;926.09;258.04;668.05;152;Lucas Mendes;3;Residencial;Tijuca
1329;09/05/2024;30/12/2024;Freezer;Vazamento;0;1237.98;465.64;772.34;235;Lucas Mendes;3;Residencial;Barra
1398;21/05/2024;04/12/2024;Freezer;Sem Resfriamento;0;920.75;545.79;374.96;197;Lucas Mendes;3;Residencial;Zona Sul
1418;15/02/2024;21/09/2024;Ar Condicionado;Vazamento;0;608.63;129.02;479.61;219;Lucas Mendes;3;Residencial;Zona Norte
1433;17/01/2024;06/11/2024;Ar Condicionado;Placa Defeito;1;998.61;138.36;860.25;294;Lucas Mendes;3;Comercial;Barra
1492;15/12/2024;26/01/2024;Geladeira;Motor Queimado;0;438.64;150.50;288.14;-324;Lucas Mendes;3;Residencial;Tijuca
1519;11/12/2024;14/03/2024;Geladeira;Placa Defeito;0;666.89;321.95;344.94;-272;Lucas Mendes;3;Residencial;Zona Norte
1520;21/12/2024;04/02/2024;Geladeira;Sem Resfriamento;0;807.26;88.80;718.46;-321;Lucas Mendes;3;Residencial;Zona Norte
1527;30/12/2024;23/10/2024;Ar Condicionado;Sem Resfriamento;0;1063.51;367.46;696.05;-68;Lucas Mendes;3;Residencial;Tijuca
1529;05/08/2024;21/09/2024;Ar Condicionado;Placa Defeito;0;1084.49;311.52;772.97;47;Lucas Mendes;3;Residencial;Zona Sul
1080;03/12/2024;12/08/2024;Freezer;Motor Queimado;0;581.04;413.57;167.47;-113;André Costa;12;Residencial;Zona Norte
1081;10/06/2024;16/05/2024;Freezer;Placa Defeito;0;272.25;307.74;-35.49;-25;André Costa;12;Residencial;Centro
1092;14/10/2024;28/02/2024;Freezer;Placa Defeito;0;1007.23;205.41;801.82;-229;André Costa;12;Residencial;Centro
1094;28/08/2024;28/05/2024;Ar Condicionado;Motor Queimado;0;925.43;475.27;450.16;-92;André Costa;12;Residencial;Tijuca
1096;09/10/2024;31/05/2024;Freezer;Placa Defeito;0;1337.57;211.71;1125.86;-131;André Costa;12;Residencial;Barra
1114;05/12/2024;03/05/2024;Geladeira;Placa Defeito;0;685.58;173.40;512.18;-216;André Costa;12;Comercial;Zona Sul
1120;22/02/2024;06/05/2024;Freezer;Motor Queimado;1;1042.26;434.86;607.40;74;André Costa;12;Residencial;Barra
1137;04/06/2024;04/07/2024;Ar Condicionado;Sem Resfriamento;0;849.30;484.78;364.52;30;André Costa;12;Residencial;Centro
1151;01/06/2024;28/04/2024;Ar Condicionado;Sem Resfriamento;0;1239.51;219.41;1020.10;-34;André Costa;12;Residencial;Barra
1154;19/07/2024;03/09/2024;Freezer;Vazamento;1;942.22;140.03;802.19;46;André Costa;12;Residencial;Centro
1156;10/05/2024;04/06/2024;Ar Condicionado;Placa Defeito;0;201.90;536.91;-335.01;25;André Costa;12;Residencial;Barra
1158;20/06/2024;14/11/2024;Ar Condicionado;Sem Resfriamento;0;1121.93;578.78;543.15;147;André Costa;12;Residencial;Zona Norte
1201;27/01/2024;13/11/2024;Geladeira;Sem Resfriamento;1;604.16;576.81;27.35;291;André Costa;12;Comercial;Tijuca
1223;12/01/2024;03/03/2024;Geladeira;Placa Defeito;0;271.55;354.48;-82.93;51;André Costa;12;Residencial;Centro
1226;18/07/2024;27/01/2024;Geladeira;Motor Queimado;0;1189.68;397.58;792.10;-173;André Costa;12;Residencial;Centro
1237;24/01/2024;07/03/2024;Ar Condicionado;Motor Queimado;0;756.02;504.60;251.42;43;André Costa;12;Residencial;Tijuca
1278;14/01/2024;04/09/2024;Geladeira;Placa Defeito;0;1137.37;341.98;795.39;234;André Costa;12;Comercial;Tijuca
1281;18/10/2024;03/11/2024;Geladeira;Vazamento;0;993.97;512.34;481.63;16;André Costa;12;Comercial;Tijuca
1287;01/10/2024;17/05/2024;Ar Condicionado;Vazamento;1;976.60;143.06;833.54;-137;André Costa;12;Residencial;Zona Norte
1289;25/07/2024;14/08/2024;Geladeira;Motor Queimado;0;559.52;199.87;359.65;20;André Costa;12;Comercial;Tijuca
1308;02/07/2024;07/11/2024;Geladeira;Motor Queimado;0;417.98;151.46;266.52;128;André Costa;12;Residencial;Barra
1320;30/10/2024;17/02/2024;Freezer;Vazamento;0;1063.21;326.93;736.28;-256;André Costa;12;Comercial;Tijuca
1325;26/12/2024;12/11/2024;Geladeira;Placa Defeito;0;671.57;84.83;586.74;-44;André Costa;12;Residencial;Tijuca
1333;04/02/2024;22/12/2024;Ar Condicionado;Placa Defeito;0;1267.67;81.98;1185.69;322;André Costa;12;Residencial;Barra
1338;01/10/2024;19/09/2024;Freezer;Motor Queimado;0;510.51;164.14;346.37;-12;André Costa;12;Residencial;Centro
1370;14/07/2024;12/06/2024;Freezer;Vazamento;0;328.87;568.00;-239.13;-32;André Costa;12;Residencial;Zona Sul
1400;12/02/2024;01/07/2024;Geladeira;Vazamento;1;847.06;104.47;742.59;140;André Costa;12;Residencial;Barra
1439;19/10/2024;05/03/2024;Ar Condicionado;Vazamento;0;320.11;576.49;-256.38;-228;André Costa;12;Residencial;Zona Norte
1440;14/12/2024;11/02/2024;Ar Condicionado;Motor Queimado;0;1066.58;163.50;903.08;-307;André Costa;12;Residencial;Barra
1453;05/05/2024;30/05/2024;Ar Condicionado;Vazamento;0;723.44;548.20;175.24;25;André Costa;12;Residencial;Zona Norte
1460;20/06/2024;19/05/2024;Geladeira;Sem Resfriamento;0;1122.69;500.26;622.43;-32;André Costa;12;Residencial;Zona Norte
1461;03/05/2024;28/01/2024;Freezer;Vazamento;0;617.29;570.38;46.91;-96;André Costa;12;Residencial;Zona Norte
1486;09/11/2024;01/12/2024;Geladeira;Placa Defeito;0;410.20;333.27;76.93;22;André Costa;12;Residencial;Copacabana
1504;18/08/2024;02/11/2024;Ar Condicionado;Placa Defeito;0;536.86;542.01;-5.15;76;André Costa;12;Comercial;Zona Sul
1543;04/01/2024;05/12/2024;Geladeira;Sem Resfriamento;0;1025.27;361.35;663.92;336;André Costa;12;Residencial;Copacabana
1058;30/12/2024;19/12/2024;Geladeira;Sem Resfriamento;0;474.21;492.16;-17.95;-11;Bruno Almeida;6;Residencial;Zona Sul
1065;15/10/2024;19/09/2024;Ar Condicionado;Motor Queimado;0;373.04;398.25;-25.21;-26;Bruno Almeida;6;Residencial;Barra
1075;04/12/2024;31/01/2024;Ar Condicionado;Motor Queimado;0;758.03;149.54;608.49;-308;Bruno Almeida;6;Comercial;Zona Norte
1085;01/09/2024;30/01/2024;Freezer;Sem Resfriamento;1;606.79;379.46;227.33;-215;Bruno Almeida;6;Residencial;Barra
1100;02/04/2024;14/05/2024;Geladeira;Sem Resfriamento;0;253.31;301.90;-48.59;42;Bruno Almeida;6;Comercial;Zona Sul
1102;23/05/2024;18/01/2024;Geladeira;Vazamento;1;1050.30;348.48;701.82;-126;Bruno Almeida;6;Residencial;Centro
1130;11/05/2024;23/02/2024;Freezer;Motor Queimado;0;1236.17;566.51;669.66;-78;Bruno Almeida;6;Residencial;Copacabana
1135;01/04/2024;26/11/2024;Geladeira;Sem Resfriamento;0;1015.64;156.81;858.83;239;Bruno Almeida;6;Residencial;Zona Norte
1177;10/03/2024;01/08/2024;Ar Condicionado;Vazamento;0;499.62;417.16;82.46;144;Bruno Almeida;6;Residencial;Zona Sul
1206;27/11/2024;20/11/2024;Ar Condicionado;Sem Resfriamento;0;1234.90;300.45;934.45;-7;Bruno Almeida;6;Residencial;Zona Norte
1233;20/05/2024;28/07/2024;Freezer;Vazamento;0;366.11;105.01;261.10;69;Bruno Almeida;6;Residencial;Zona Sul
1309;15/10/2024;24/02/2024;Geladeira;Placa Defeito;0;853.82;429.73;424.09;-234;Bruno Almeida;6;Residencial;Centro
1353;18/02/2024;17/12/2024;Geladeira;Motor Queimado;0;312.18;560.29;-248.11;303;Bruno Almeida;6;Residencial;Zona Norte
1369;20/07/2024;21/03/2024;Freezer;Motor Queimado;1;1119.33;340.44;778.89;-121;Bruno Almeida;6;Comercial;Centro
1374;02/02/2024;09/02/2024;Ar Condicionado;Motor Queimado;0;1130.80;242.92;887.88;7;Bruno Almeida;6;Residencial;Zona Norte
1386;16/10/2024;01/07/2024;Geladeira;Sem Resfriamento;0;310.19;242.88;67.31;-107;Bruno Almeida;6;Residencial;Barra
1390;03/03/2024;18/07/2024;Freezer;Placa Defeito;0;602.17;460.55;141.62;137;Bruno Almeida;6;Residencial;Centro
1408;27/11/2024;12/03/2024;Freezer;Vazamento;0;457.27;568.20;-110.93;-260;Bruno Almeida;6;Residencial;Zona Norte
1410;23/04/2024;20/02/2024;Geladeira;Sem Resfriamento;0;712.83;577.92;134.91;-63;Bruno Almeida;6;Residencial;Zona Sul
1419;13/10/2024;29/06/2024;Geladeira;Sem Resfriamento;0;1127.18;251.21;875.97;-106;Bruno Almeida;6;Comercial;Centro
1438;06/10/2024;24/08/2024;Freezer;Sem Resfriamento;0;895.16;543.81;351.35;-43;Bruno Almeida;6;Comercial;Tijuca
1456;23/06/2024;29/04/2024;Ar Condicionado;Vazamento;0;236.87;553.46;-316.59;-55;Bruno Almeida;6;Residencial;Centro
1474;03/04/2024;17/08/2024;Ar Condicionado;Vazamento;1;884.81;411.76;473.05;136;Bruno Almeida;6;Residencial;Copacabana
1491;25/05/2024;17/09/2024;Freezer;Motor Queimado;0;804.50;174.41;630.09;115;Bruno Almeida;6;Comercial;Centro
1503;25/12/2024;04/03/2024;Ar Condicionado;Vazamento;1;211.14;270.22;-59.08;-296;Bruno Almeida;6;Residencial;Zona Sul
1524;27/05/2024;14/11/2024;Geladeira;Sem Resfriamento;0;1278.18;455.48;822.70;171;Bruno Almeida;6;Residencial;Barra
1528;17/07/2024;14/05/2024;Ar Condicionado;Sem Resfriamento;1;571.78;370.53;201.25;-64;Bruno Almeida;6;Comercial;Tijuca
1532;03/09/2024;31/07/2024;Freezer;Placa Defeito;0;1116.02;469.16;646.86;-34;Bruno Almeida;6;Comercial;Barra
1536;02/05/2024;27/01/2024;Freezer;Motor Queimado;1;640.25;516.10;124.15;-96;Bruno Almeida;6;Residencial;Zona Norte
1138;02/12/2024;16/02/2024;Ar Condicionado;Motor Queimado;0;664.98;441.29;223.69;-290;Thiago Martins;9;Residencial;Barra
1150;03/02/2024;21/05/2024;Ar Condicionado;Sem Resfriamento;0;849.95;395.47;454.48;108;Thiago Martins;9;Comercial;Centro
1174;27/08/2024;11/03/2024;Geladeira;Sem Resfriamento;0;409.70;223.32;186.38;-169;Thiago Martins;9;Residencial;Zona Norte
1199;01/04/2024;05/05/2024;Freezer;Motor Queimado;0;905.38;405.87;499.51;34;Thiago Martins;9;Residencial;Centro
1236;23/11/2024;04/06/2024;Ar Condicionado;Placa Defeito;0;910.01;148.72;761.29;-172;Thiago Martins;9;Residencial;Zona Sul
1267;23/12/2024;07/12/2024;Ar Condicionado;Vazamento;0;506.74;550.07;-43.33;-16;Thiago Martins;9;Comercial;Barra
1273;22/01/2024;04/06/2024;Geladeira;Placa Defeito;0;215.28;517.85;-302.57;134;Thiago Martins;9;Residencial;Tijuca
1274;08/05/2024;30/09/2024;Geladeira;Motor Queimado;0;1382.06;353.78;1028.28;145;Thiago Martins;9;Comercial;Tijuca
1298;14/02/2024;23/03/2024;Ar Condicionado;Placa Defeito;0;568.76;521.06;47.70;38;Thiago Martins;9;Residencial;Barra
1313;13/03/2024;09/03/2024;Geladeira;Motor Queimado;1;646.85;95.74;551.11;-4;Thiago Martins;9;Residencial;Barra
1322;25/03/2024;17/09/2024;Geladeira;Placa Defeito;1;526.13;481.73;44.40;176;Thiago Martins;9;Residencial;Barra
1358;20/10/2024;10/10/2024;Ar Condicionado;Vazamento;0;801.25;332.95;468.30;-10;Thiago Martins;9;Residencial;Tijuca
1378;25/04/2024;09/01/2024;Ar Condicionado;Sem Resfriamento;0;341.22;516.61;-175.39;-107;Thiago Martins;9;Comercial;Centro
1430;02/01/2024;29/08/2024;Freezer;Motor Queimado;0;615.17;240.75;374.42;240;Thiago Martins;9;Residencial;Barra
1442;08/07/2024;30/09/2024;Freezer;Placa Defeito;0;1274.49;311.91;962.58;84;Thiago Martins;9;Residencial;Zona Sul
1462;06/09/2024;18/05/2024;Ar Condicionado;Sem Resfriamento;0;1297.11;362.89;934.22;-111;Thiago Martins;9;Residencial;Centro
1494;14/05/2024;10/11/2024;Freezer;Vazamento;0;998.22;208.88;789.34;180;Thiago Martins;9;Residencial;Centro
1495;02/09/2024;13/02/2024;Geladeira;Motor Queimado;0;639.08;200.83;438.25;-202;Thiago Martins;9;Residencial;Barra
1496;20/12/2024;31/05/2024;Freezer;Sem Resfriamento;0;270.51;218.40;52.11;-203;Thiago Martins;9;Residencial;Zona Sul
1508;10/12/2024;07/06/2024;Geladeira;Placa Defeito;0;872.01;473.90;398.11;-186;Thiago Martins;9;Residencial;Centro
1521;06/02/2024;13/07/2024;Geladeira;Vazamento;0;391.60;244.27;147.33;158;Thiago Martins;9;Residencial;Barra
1530;13/12/2024;01/07/2024;Freezer;Sem Resfriamento;0;743.81;266.92;476.89;-165;Thiago Martins;9;Residencial;Centro
1119;12/07/2024;18/01/2024;Ar Condicionado;Sem Resfriamento;0;991.57;106.01;885.56;-176;Felipe Rocha;4;Residencial;Zona Sul
1124;29/08/2024;06/12/2024;Freezer;Vazamento;0;309.20;305.90;3.30;99;Felipe Rocha;4;Comercial;Tijuca
1147;31/03/2024;01/02/2024;Ar Condicionado;Sem Resfriamento;0;331.70;509.46;-177.76;-59;Felipe Rocha;4;Residencial;Centro
1168;04/04/2024;25/08/2024;Geladeira;Vazamento;0;1106.90;560.93;545.97;143;Felipe Rocha;4;Residencial;Centro
1172;03/01/2024;26/09/2024;Ar Condicionado;Sem Resfriamento;0;602.34;534.70;67.64;267;Felipe Rocha;4;Residencial;Tijuca
1181;17/07/2024;13/02/2024;Geladeira;Motor Queimado;0;1377.54;378.68;998.86;-155;Felipe Rocha;4;Residencial;Zona Sul
1190;29/01/2024;07/11/2024;Freezer;Sem Resfriamento;0;713.18;547.75;165.43;283;Felipe Rocha;4;Residencial;Zona Norte
1194;02/03/2024;27/07/2024;Ar Condicionado;Placa Defeito;0;1041.06;95.40;945.66;147;Felipe Rocha;4;Comercial;Barra
1250;04/04/2024;01/03/2024;Freezer;Placa Defeito;0;630.00;90.89;539.11;-34;Felipe Rocha;4;Residencial;Zona Norte
1253;08/11/2024;19/05/2024;Freezer;Motor Queimado;0;329.09;530.09;-201.00;-173;Felipe Rocha;4;Residencial;Zona Sul
1301;02/12/2024;29/07/2024;Ar Condicionado;Placa Defeito;0;580.42;119.81;460.61;-126;Felipe Rocha;4;Residencial;Centro
1348;23/01/2024;28/11/2024;Ar Condicionado;Sem Resfriamento;1;707.37;306.32;401.05;310;Felipe Rocha;4;Residencial;Barra
1382;24/10/2024;31/01/2024;Freezer;Motor Queimado;0;858.52;378.53;479.99;-267;Felipe Rocha;4;Residencial;Tijuca
1404;16/07/2024;26/05/2024;Freezer;Sem Resfriamento;0;1225.99;392.69;833.30;-51;Felipe Rocha;4;Residencial;Zona Sul
1427;28/04/2024;08/03/2024;Ar Condicionado;Motor Queimado;0;426.06;531.02;-104.96;-51;Felipe Rocha;4;Comercial;Tijuca
1483;03/09/2024;07/08/2024;Ar Condicionado;Placa Defeito;0;1259.84;342.98;916.86;-27;Felipe Rocha;4;Residencial;Barra
1512;19/12/2024;13/06/2024;Geladeira;Vazamento;0;922.68;85.55;837.13;-189;Felipe Rocha;4;Residencial;Zona Sul
1525;02/05/2024;02/04/2024;Freezer;Placa Defeito;0;1058.74;285.66;773.08;-30;Felipe Rocha;4;Residencial;Centro
1541;29/07/2024;15/10/2024;Freezer;Placa Defeito;0;1043.59;186.73;856.86;78;Felipe Rocha;4;Comercial;Tijuca
1544;18/07/2024;22/08/2024;Ar Condicionado;Motor Queimado;0;579.97;170.53;409.44;35;Felipe Rocha;4;Residencial;Barra
1089;22/09/2024;09/10/2024;Ar Condicionado;Sem Resfriamento;0;1379.89;334.40;1045.49;17;Gustavo Ferreira;7;Comercial;Barra
1123;20/04/2024;07/05/2024;Ar Condicionado;Motor Queimado;0;413.08;331.37;81.71;17;Gustavo Ferreira;7;Residencial;Tijuca
1128;12/05/2024;12/02/2024;Geladeira;Placa Defeito;0;638.20;187.29;450.91;-90;Gustavo Ferreira;7;Residencial;Zona Norte
1144;10/04/2024;09/05/2024;Freezer;Vazamento;0;1254.64;201.23;1053.41;29;Gustavo Ferreira;7;Residencial;Barra
1161;15/12/2024;26/11/2024;Freezer;Motor Queimado;0;915.80;352.16;563.64;-19;Gustavo Ferreira;7;Residencial;Zona Sul
1166;03/06/2024;16/03/2024;Geladeira;Sem Resfriamento;0;1374.67;154.01;1220.66;-79;Gustavo Ferreira;7;Residencial;Centro
1179;23/07/2024;25/10/2024;Freezer;Vazamento;0;931.49;257.55;673.94;94;Gustavo Ferreira;7;Residencial;Barra
1180;23/04/2024;10/10/2024;Geladeira;Vazamento;0;661.88;238.42;423.46;170;Gustavo Ferreira;7;Residencial;Zona Sul
1193;25/10/2024;05/09/2024;Freezer;Vazamento;1;1088.23;346.53;741.70;-50;Gustavo Ferreira;7;Comercial;Tijuca
1209;10/11/2024;04/05/2024;Freezer;Motor Queimado;0;766.66;85.20;681.46;-190;Gustavo Ferreira;7;Residencial;Centro
1210;02/06/2024;01/02/2024;Freezer;Vazamento;0;1329.01;226.12;1102.89;-122;Gustavo Ferreira;7;Comercial;Copacabana
1224;23/10/2024;02/10/2024;Geladeira;Vazamento;0;1357.16;509.35;847.81;-21;Gustavo Ferreira;7;Comercial;Barra
1246;23/04/2024;27/11/2024;Geladeira;Sem Resfriamento;0;643.80;484.82;158.98;218;Gustavo Ferreira;7;Comercial;Copacabana
1248;18/01/2024;07/03/2024;Geladeira;Vazamento;0;770.56;392.99;377.57;49;Gustavo Ferreira;7;Residencial;Zona Norte
1280;01/10/2024;21/01/2024;Ar Condicionado;Placa Defeito;0;769.43;276.01;493.42;-254;Gustavo Ferreira;7;Residencial;Tijuca
1284;08/01/2024;28/10/2024;Ar Condicionado;Sem Resfriamento;1;718.58;486.50;232.08;294;Gustavo Ferreira;7;Residencial;Tijuca
1297;24/08/2024;10/03/2024;Geladeira;Vazamento;0;1117.77;242.26;875.51;-167;Gustavo Ferreira;7;Residencial;Centro
1299;02/05/2024;25/05/2024;Freezer;Placa Defeito;0;1397.26;541.99;855.27;23;Gustavo Ferreira;7;Residencial;Barra
1324;13/07/2024;03/05/2024;Freezer;Sem Resfriamento;0;264.54;318.32;-53.78;-71;Gustavo Ferreira;7;Comercial;Copacabana
1342;28/08/2024;20/10/2024;Ar Condicionado;Placa Defeito;0;1142.56;469.68;672.88;53;Gustavo Ferreira;7;Residencial;Zona Norte
1352;03/05/2024;14/10/2024;Geladeira;Vazamento;0;747.15;230.06;517.09;164;Gustavo Ferreira;7;Residencial;Tijuca
1377;21/11/2024;10/04/2024;Freezer;Placa Defeito;0;1226.80;219.23;1007.57;-225;Gustavo Ferreira;7;Residencial;Zona Sul
1385;06/08/2024;28/06/2024;Freezer;Vazamento;0;1154.76;524.24;630.52;-39;Gustavo Ferreira;7;Residencial;Zona Norte
1402;15/06/2024;04/01/2024;Geladeira;Motor Queimado;0;572.29;252.47;319.82;-163;Gustavo Ferreira;7;Residencial;Barra
1449;07/03/2024;31/12/2024;Geladeira;Vazamento;0;241.45;577.10;-335.65;299;Gustavo Ferreira;7;Residencial;Barra
1479;22/01/2024;24/06/2024;Freezer;Placa Defeito;0;491.59;205.50;286.09;154;Gustavo Ferreira;7;Residencial;Barra
1480;06/08/2024;29/02/2024;Freezer;Placa Defeito;0;419.30;454.55;-35.25;-159;Gustavo Ferreira;7;Residencial;Zona Sul
1502;02/12/2024;20/05/2024;Freezer;Placa Defeito;0;1380.28;320.09;1060.19;-196;Gustavo Ferreira;7;Residencial;Centro
1072;15/08/2024;19/07/2024;Freezer;Sem Resfriamento;0;802.33;422.35;379.98;-27;Renato Souza;11;Residencial;Zona Sul
1079;18/02/2024;27/08/2024;Geladeira;Vazamento;1;729.23;95.68;633.55;191;Renato Souza;11;Residencial;Barra
1091;19/10/2024;25/08/2024;Geladeira;Sem Resfriamento;0;1195.25;517.37;677.88;-55;Renato Souza;11;Residencial;Barra
1152;11/02/2024;23/09/2024;Geladeira;Vazamento;0;336.89;95.55;241.34;225;Renato Souza;11;Residencial;Zona Norte
1186;13/06/2024;11/05/2024;Geladeira;Sem Resfriamento;1;798.95;90.81;708.14;-33;Renato Souza;11;Residencial;Zona Norte
1218;22/08/2024;05/02/2024;Geladeira;Motor Queimado;0;673.00;202.68;470.32;-199;Renato Souza;11;Comercial;Centro
1257;24/06/2024;26/05/2024;Freezer;Placa Defeito;0;1117.43;88.55;1028.88;-29;Renato Souza;11;Comercial;Tijuca
1265;06/04/2024;11/02/2024;Geladeira;Vazamento;0;1351.70;169.50;1182.20;-55;Renato Souza;11;Comercial;Tijuca
1268;27/06/2024;29/02/2024;Geladeira;Placa Defeito;0;790.63;442.39;348.24;-119;Renato Souza;11;Residencial;Tijuca
1269;05/12/2024;30/09/2024;Geladeira;Sem Resfriamento;0;821.69;132.16;689.53;-66;Renato Souza;11;Residencial;Tijuca
1276;25/12/2024;18/06/2024;Freezer;Placa Defeito;0;503.45;404.99;98.46;-190;Renato Souza;11;Residencial;Tijuca
1296;17/08/2024;29/11/2024;Freezer;Placa Defeito;0;1101.66;286.09;815.57;104;Renato Souza;11;Comercial;Barra
1300;03/04/2024;09/05/2024;Ar Condicionado;Sem Resfriamento;1;275.31;282.14;-6.83;36;Renato Souza;11;Comercial;Centro
1334;05/02/2024;28/02/2024;Ar Condicionado;Motor Queimado;0;626.01;157.49;468.52;23;Renato Souza;11;Residencial;Barra
1412;15/01/2024;10/03/2024;Freezer;Vazamento;0;380.55;115.84;264.71;55;Renato Souza;11;Residencial;Barra
1413;06/02/2024;04/07/2024;Freezer;Vazamento;0;653.99;444.99;209.00;149;Renato Souza;11;Residencial;Zona Norte
1417;30/06/2024;05/04/2024;Geladeira;Motor Queimado;0;1057.53;556.51;501.02;-86;Renato Souza;11;Comercial;Tijuca
1420;05/12/2024;18/09/2024;Freezer;Sem Resfriamento;0;1112.12;271.74;840.38;-78;Renato Souza;11;Comercial;Tijuca
1426;10/07/2024;06/05/2024;Ar Condicionado;Motor Queimado;1;413.50;463.14;-49.64;-65;Renato Souza;11;Residencial;Zona Norte
1434;03/06/2024;16/05/2024;Ar Condicionado;Sem Resfriamento;0;1068.09;317.46;750.63;-18;Renato Souza;11;Comercial;Tijuca
1452;17/06/2024;06/02/2024;Geladeira;Sem Resfriamento;0;595.55;96.55;499.00;-132;Renato Souza;11;Residencial;Zona Norte
1472;18/12/2024;04/05/2024;Ar Condicionado;Placa Defeito;0;480.73;457.27;23.46;-228;Renato Souza;11;Residencial;Tijuca
1475;03/09/2024;21/02/2024;Ar Condicionado;Motor Queimado;0;1193.58;579.44;614.14;-195;Renato Souza;11;Residencial;Zona Norte
1511;09/10/2024;23/07/2024;Freezer;Placa Defeito;0;325.29;376.38;-51.09;-78;Renato Souza;11;Residencial;Tijuca
1513;26/01/2024;26/08/2024;Geladeira;Vazamento;0;483.18;236.23;246.95;213;Renato Souza;11;Residencial;Tijuca
1526;29/10/2024;04/12/2024;Ar Condicionado;Motor Queimado;0;547.81;381.85;165.96;36;Renato Souza;11;Residencial;Barra
1057;25/10/2024;30/06/2024;Freezer;Motor Queimado;1;386.69;465.18;-78.49;-117;Eduardo Lima;3;Residencial;Tijuca
1097;01/10/2024;29/08/2024;Geladeira;Motor Queimado;0;1390.97;275.09;1115.88;-33;Eduardo Lima;3;Residencial;Centro
1164;11/01/2024;18/07/2024;Freezer;Vazamento;0;386.97;390.68;-3.71;189;Eduardo Lima;3;Comercial;Tijuca
1192;23/06/2024;28/09/2024;Geladeira;Vazamento;0;436.90;472.63;-35.73;97;Eduardo Lima;3;Residencial;Copacabana
1195;03/02/2024;18/09/2024;Geladeira;Vazamento;0;944.15;350.47;593.68;228;Eduardo Lima;3;Comercial;Barra
1239;07/12/2024;16/05/2024;Geladeira;Placa Defeito;0;1369.82;308.45;1061.37;-205;Eduardo Lima;3;Comercial;Barra
1256;10/01/2024;21/04/2024;Geladeira;Sem Resfriamento;0;734.43;573.47;160.96;102;Eduardo Lima;3;Residencial;Zona Norte
1270;28/05/2024;04/02/2024;Ar Condicionado;Placa Defeito;1;1323.05;239.61;1083.44;-114;Eduardo Lima;3;Residencial;Tijuca
1291;05/02/2024;22/10/2024;Geladeira;Sem Resfriamento;0;278.98;374.30;-95.32;260;Eduardo Lima;3;Residencial;Centro
1311;17/02/2024;21/10/2024;Freezer;Vazamento;0;1093.06;284.72;808.34;247;Eduardo Lima;3;Residencial;Zona Norte
1318;16/07/2024;02/09/2024;Freezer;Vazamento;1;1009.04;413.78;595.26;48;Eduardo Lima;3;Residencial;Tijuca
1327;03/09/2024;24/07/2024;Geladeira;Motor Queimado;0;1183.81;263.80;920.01;-41;Eduardo Lima;3;Residencial;Barra
1341;06/09/2024;08/09/2024;Ar Condicionado;Sem Resfriamento;0;574.16;238.09;336.07;2;Eduardo Lima;3;Residencial;Zona Norte
1354;01/11/2024;26/11/2024;Geladeira;Placa Defeito;0;396.13;429.84;-33.71;25;Eduardo Lima;3;Comercial;Barra
1363;12/12/2024;07/02/2024;Ar Condicionado;Vazamento;0;1121.54;288.02;833.52;-309;Eduardo Lima;3;Residencial;Tijuca
1397;01/08/2024;27/12/2024;Ar Condicionado;Motor Queimado;0;1037.45;201.10;836.35;148;Eduardo Lima;3;Residencial;Copacabana
1406;04/03/2024;01/11/2024;Freezer;Vazamento;0;1087.14;170.02;917.12;242;Eduardo Lima;3;Residencial;Barra
1476;12/01/2024;17/10/2024;Ar Condicionado;Vazamento;1;962.78;107.41;855.37;279;Eduardo Lima;3;Residencial;Tijuca
1523;27/04/2024;01/08/2024;Ar Condicionado;Vazamento;1;872.33;131.92;740.41;96;Eduardo Lima;3;Residencial;Centro
1062;11/09/2024;19/07/2024;Freezer;Vazamento;0;327.73;117.53;210.20;-54;Daniel Santos;14;Residencial;Barra
1068;01/04/2024;22/03/2024;Geladeira;Motor Queimado;0;594.92;431.20;163.72;-10;Daniel Santos;14;Comercial;Zona Norte
1069;30/04/2024;05/03/2024;Ar Condicionado;Sem Resfriamento;0;1241.78;176.67;1065.11;-56;Daniel Santos;14;Residencial;Zona Norte
1084;04/05/2024;28/01/2024;Freezer;Motor Queimado;0;1007.29;249.02;758.27;-97;Daniel Santos;14;Residencial;Barra
1109;28/04/2024;24/12/2024;Freezer;Sem Resfriamento;1;632.51;99.48;533.03;240;Daniel Santos;14;Residencial;Zona Norte
1157;07/07/2024;30/05/2024;Geladeira;Vazamento;0;1225.58;445.41;780.17;-38;Daniel Santos;14;Comercial;Barra
1167;18/01/2024;17/04/2024;Freezer;Vazamento;0;732.20;252.90;479.30;90;Daniel Santos;14;Residencial;Tijuca
1187;13/05/2024;28/02/2024;Ar Condicionado;Vazamento;0;725.05;405.05;320.00;-75;Daniel Santos;14;Residencial;Centro
1200;03/01/2024;14/02/2024;Freezer;Vazamento;0;284.18;420.13;-135.95;42;Daniel Santos;14;Comercial;Tijuca
1231;02/04/2024;05/03/2024;Geladeira;Sem Resfriamento;0;1130.95;277.34;853.61;-28;Daniel Santos;14;Residencial;Centro
1249;01/09/2024;02/07/2024;Ar Condicionado;Sem Resfriamento;0;1283.99;362.75;921.24;-61;Daniel Santos;14;Residencial;Zona Sul
1293;19/08/2024;10/03/2024;Freezer;Sem Resfriamento;0;1253.05;163.89;1089.16;-162;Daniel Santos;14;Residencial;Zona Norte
1317;24/09/2024;18/04/2024;Freezer;Vazamento;0;1041.19;452.25;588.94;-159;Daniel Santos;14;Residencial;Barra
1345;03/04/2024;14/07/2024;Ar Condicionado;Sem Resfriamento;0;1196.77;325.52;871.25;102;Daniel Santos;14;Comercial;Tijuca
1360;22/04/2024;15/02/2024;Ar Condicionado;Sem Resfriamento;0;395.00;124.01;270.99;-67;Daniel Santos;14;Comercial;Zona Sul
1387;04/07/2024;19/01/2024;Geladeira;Placa Defeito;0;673.10;412.90;260.20;-167;Daniel Santos;14;Residencial;Zona Norte
1389;11/02/2024;05/02/2024;Freezer;Placa Defeito;0;653.10;306.01;347.09;-6;Daniel Santos;14;Residencial;Tijuca
1395;12/04/2024;09/10/2024;Freezer;Sem Resfriamento;0;684.83;148.28;536.55;180;Daniel Santos;14;Residencial;Barra
1396;31/05/2024;24/11/2024;Freezer;Placa Defeito;0;780.65;105.82;674.83;177;Daniel Santos;14;Comercial;Barra
1457;11/05/2024;09/06/2024;Geladeira;Sem Resfriamento;0;1243.31;240.80;1002.51;29;Daniel Santos;14;Comercial;Tijuca
1484;02/07/2024;09/09/2024;Freezer;Placa Defeito;0;715.32;135.22;580.10;69;Daniel Santos;14;Residencial;Copacabana
1489;31/01/2024;22/11/2024;Freezer;Vazamento;0;866.87;163.28;703.59;296;Daniel Santos;14;Residencial;Zona Norte
1509;03/06/2024;22/09/2024;Freezer;Placa Defeito;0;1148.69;374.22;774.47;111;Daniel Santos;14;Residencial;Zona Norte
1547;09/07/2024;23/06/2024;Freezer;Sem Resfriamento;0;486.11;305.78;180.33;-16;Daniel Santos;14;Residencial;Zona Sul
1067;26/04/2024;08/09/2024;Geladeira;Motor Queimado;0;1221.54;518.48;703.06;135;Leandro Costa;5;Comercial;Centro
1115;10/08/2024;03/01/2024;Ar Condicionado;Vazamento;0;1105.43;487.07;618.36;-220;Leandro Costa;5;Residencial;Zona Norte
1118;11/02/2024;11/10/2024;Geladeira;Placa Defeito;1;445.06;276.85;168.21;243;Leandro Costa;5;Comercial;Zona Sul
1126;28/01/2024;30/12/2024;Ar Condicionado;Motor Queimado;0;690.49;364.61;325.88;337;Leandro Costa;5;Residencial;Barra
1149;12/09/2024;12/12/2024;Geladeira;Vazamento;0;844.75;109.19;735.56;91;Leandro Costa;5;Comercial;Zona Sul
1182;19/05/2024;13/06/2024;Geladeira;Vazamento;0;1132.65;431.71;700.94;25;Leandro Costa;5;Residencial;Copacabana
1189;03/03/2024;18/07/2024;Freezer;Vazamento;0;217.37;331.68;-114.31;137;Leandro Costa;5;Residencial;Zona Norte
1196;15/01/2024;15/08/2024;Ar Condicionado;Vazamento;0;942.35;268.00;674.35;213;Leandro Costa;5;Comercial;Tijuca
1212;31/01/2024;16/10/2024;Geladeira;Motor Queimado;0;965.58;432.84;532.74;259;Leandro Costa;5;Residencial;Zona Norte
1232;03/01/2024;19/03/2024;Freezer;Sem Resfriamento;0;1189.01;560.56;628.45;76;Leandro Costa;5;Residencial;Zona Norte
1235;28/04/2024;30/09/2024;Freezer;Sem Resfriamento;0;947.47;543.54;403.93;155;Leandro Costa;5;Comercial;Tijuca
1340;19/09/2024;16/01/2024;Geladeira;Motor Queimado;1;415.15;462.58;-47.43;-247;Leandro Costa;5;Residencial;Zona Norte
1356;07/07/2024;27/04/2024;Geladeira;Motor Queimado;1;526.36;567.94;-41.58;-71;Leandro Costa;5;Residencial;Barra
1362;28/05/2024;05/04/2024;Freezer;Placa Defeito;0;1007.65;285.96;721.69;-53;Leandro Costa;5;Residencial;Zona Norte
1368;14/08/2024;11/01/2024;Geladeira;Motor Queimado;0;635.02;460.02;175.00;-216;Leandro Costa;5;Residencial;Zona Norte
1435;28/06/2024;02/06/2024;Ar Condicionado;Placa Defeito;0;950.88;566.42;384.46;-26;Leandro Costa;5;Residencial;Centro
1437;23/01/2024;29/09/2024;Freezer;Motor Queimado;0;254.11;322.93;-68.82;250;Leandro Costa;5;Residencial;Zona Norte
1447;15/07/2024;31/12/2024;Ar Condicionado;Motor Queimado;1;696.48;188.57;507.91;169;Leandro Costa;5;Comercial;Centro
1455;10/05/2024;05/03/2024;Geladeira;Vazamento;0;684.22;133.80;550.42;-66;Leandro Costa;5;Residencial;Barra
1467;22/01/2024;11/09/2024;Freezer;Sem Resfriamento;0;1160.23;401.76;758.47;233;Leandro Costa;5;Residencial;Centro
1471;15/05/2024;30/06/2024;Geladeira;Motor Queimado;0;310.77;89.44;221.33;46;Leandro Costa;5;Comercial;Tijuca
1485;13/09/2024;17/11/2024;Ar Condicionado;Sem Resfriamento;0;1109.45;280.16;829.29;65;Leandro Costa;5;Residencial;Zona Norte
1514;23/11/2024;17/04/2024;Ar Condicionado;Motor Queimado;1;1359.25;257.51;1101.74;-220;Leandro Costa;5;Residencial;Tijuca
1549;02/01/2024;11/12/2024;Freezer;Sem Resfriamento;0;996.90;334.45;662.45;344;Leandro Costa;5;Residencial;Copacabana
1090;07/02/2024;06/12/2024;Ar Condicionado;Vazamento;0;766.08;479.21;286.87;303;Vinicius Oliveira;8;Residencial;Zona Norte
1093;16/05/2024;11/05/2024;Geladeira;Sem Resfriamento;0;698.55;139.22;559.33;-5;Vinicius Oliveira;8;Residencial;Barra
1111;03/07/2024;27/08/2024;Ar Condicionado;Vazamento;0;623.53;100.47;523.06;55;Vinicius Oliveira;8;Comercial;Tijuca
1163;05/01/2024;14/10/2024;Ar Condicionado;Sem Resfriamento;0;634.00;177.00;457.00;283;Vinicius Oliveira;8;Comercial;Barra
1183;23/06/2024;09/08/2024;Geladeira;Vazamento;0;321.29;297.55;23.74;47;Vinicius Oliveira;8;Comercial;Zona Sul
1197;27/11/2024;08/05/2024;Ar Condicionado;Placa Defeito;0;441.11;501.94;-60.83;-203;Vinicius Oliveira;8;Residencial;Zona Norte
1229;21/11/2024;26/02/2024;Ar Condicionado;Vazamento;0;272.53;404.00;-131.47;-269;Vinicius Oliveira;8;Comercial;Barra
1245;12/09/2024;02/11/2024;Ar Condicionado;Vazamento;0;1237.52;371.96;865.56;51;Vinicius Oliveira;8;Residencial;Centro
1258;24/09/2024;04/09/2024;Ar Condicionado;Placa Defeito;1;1276.33;461.77;814.56;-20;Vinicius Oliveira;8;Comercial;Zona Norte
1264;17/11/2024;08/09/2024;Ar Condicionado;Vazamento;0;586.99;563.75;23.24;-70;Vinicius Oliveira;8;Residencial;Tijuca
1283;22/03/2024;03/10/2024;Geladeira;Sem Resfriamento;0;896.52;286.96;609.56;195;Vinicius Oliveira;8;Comercial;Barra
1312;10/05/2024;15/11/2024;Ar Condicionado;Motor Queimado;0;897.72;280.42;617.30;189;Vinicius Oliveira;8;Residencial;Zona Sul
1331;04/08/2024;15/02/2024;Freezer;Placa Defeito;0;505.27;207.54;297.73;-171;Vinicius Oliveira;8;Residencial;Barra
1381;25/05/2024;18/01/2024;Ar Condicionado;Vazamento;0;1192.63;485.30;707.33;-128;Vinicius Oliveira;8;Comercial;Centro
1405;13/01/2024;01/04/2024;Ar Condicionado;Vazamento;0;258.23;166.43;91.80;79;Vinicius Oliveira;8;Residencial;Zona Norte
1407;29/06/2024;20/01/2024;Freezer;Placa Defeito;0;729.99;456.89;273.10;-161;Vinicius Oliveira;8;Residencial;Centro
1415;12/12/2024;22/12/2024;Ar Condicionado;Motor Queimado;0;556.51;576.87;-20.36;10;Vinicius Oliveira;8;Comercial;Barra
1463;08/08/2024;26/06/2024;Freezer;Vazamento;0;490.45;523.21;-32.76;-43;Vinicius Oliveira;8;Comercial;Zona Norte
1481;27/03/2024;11/07/2024;Ar Condicionado;Vazamento;1;606.80;102.12;504.68;106;Vinicius Oliveira;8;Residencial;Tijuca
1488;19/01/2024;09/09/2024;Freezer;Sem Resfriamento;0;534.62;492.12;42.50;234;Vinicius Oliveira;8;Residencial;Barra
1497;04/11/2024;15/05/2024;Freezer;Sem Resfriamento;0;1045.78;542.52;503.26;-173;Vinicius Oliveira;8;Residencial;Zona Sul
1546;18/03/2024;14/12/2024;Ar Condicionado;Placa Defeito;0;375.74;208.85;166.89;271;Vinicius Oliveira;8;Comercial;Tijuca
1556;07/11/2024;24/08/2024;Geladeira;Vazamento;0;582.87;156.33;426.54;-75;Vinicius Oliveira;8;Residencial;Zona Sul
1211;17/05/2024;26/01/2024;Ar Condicionado;Placa Defeito;1;845.55;424.22;421.33;-112;Paulo Henrique;2;Comercial;Zona Norte
1220;18/01/2024;20/02/2024;Geladeira;Motor Queimado;0;344.32;494.40;-150.08;33;Paulo Henrique;2;Residencial;Copacabana
1238;22/12/2024;12/07/2024;Ar Condicionado;Motor Queimado;0;298.12;415.57;-117.45;-163;Paulo Henrique;2;Residencial;Zona Norte
1242;24/09/2024;10/06/2024;Freezer;Placa Defeito;0;420.24;415.23;5.01;-106;Paulo Henrique;2;Comercial;Tijuca
1294;14/08/2024;17/09/2024;Geladeira;Sem Resfriamento;0;1072.18;454.88;617.30;34;Paulo Henrique;2;Residencial;Zona Norte
1305;14/02/2024;13/06/2024;Ar Condicionado;Placa Defeito;0;453.24;148.73;304.51;120;Paulo Henrique;2;Residencial;Centro
1315;09/03/2024;24/02/2024;Freezer;Vazamento;0;1241.25;507.34;733.91;-14;Paulo Henrique;2;Residencial;Tijuca
1332;19/08/2024;12/03/2024;Ar Condicionado;Vazamento;0;415.57;241.52;174.05;-160;Paulo Henrique;2;Comercial;Tijuca
1379;12/12/2024;01/03/2024;Geladeira;Sem Resfriamento;0;535.54;546.96;-11.42;-286;Paulo Henrique;2;Comercial;Tijuca
1394;09/10/2024;23/10/2024;Geladeira;Vazamento;0;356.00;198.93;157.07;14;Paulo Henrique;2;Residencial;Zona Norte
1429;04/02/2024;06/01/2024;Ar Condicionado;Motor Queimado;0;948.63;355.43;593.20;-29;Paulo Henrique;2;Comercial;Tijuca
1432;18/01/2024;01/11/2024;Freezer;Motor Queimado;0;1388.38;231.91;1156.47;288;Paulo Henrique;2;Residencial;Zona Norte
1441;03/03/2024;19/09/2024;Geladeira;Placa Defeito;0;1190.40;186.08;1004.32;200;Paulo Henrique;2;Residencial;Tijuca
1448;22/10/2024;14/08/2024;Geladeira;Placa Defeito;0;594.36;222.40;371.96;-69;Paulo Henrique;2;Residencial;Tijuca
1478;21/02/2024;20/11/2024;Geladeira;Motor Queimado;0;1088.54;160.77;927.77;273;Paulo Henrique;2;Residencial;Tijuca
1531;16/02/2024;24/06/2024;Freezer;Motor Queimado;0;1167.06;458.58;708.48;129;Paulo Henrique;2;Residencial;Copacabana
1553;11/01/2024;22/03/2024;Geladeira;Motor Queimado;0;289.11;199.54;89.57;71;Paulo Henrique;2;Comercial;Tijuca
1059;26/11/2024;24/01/2024;Ar Condicionado;Placa Defeito;0;1187.75;87.82;1099.93;-307;Rodrigo Alves;10;Comercial;Barra
1064;23/09/2024;20/02/2024;Ar Condicionado;Vazamento;0;448.70;543.73;-95.03;-216;Rodrigo Alves;10;Residencial;Tijuca
1071;01/05/2024;24/10/2024;Ar Condicionado;Motor Queimado;0;314.37;235.23;79.14;176;Rodrigo Alves;10;Residencial;Barra
1074;15/09/2024;27/01/2024;Ar Condicionado;Sem Resfriamento;0;632.54;146.56;485.98;-232;Rodrigo Alves;10;Comercial;Barra
1083;09/04/2024;24/03/2024;Ar Condicionado;Motor Queimado;0;1390.83;445.61;945.22;-16;Rodrigo Alves;10;Comercial;Barra
1104;30/08/2024;26/05/2024;Ar Condicionado;Motor Queimado;0;559.33;440.10;119.23;-96;Rodrigo Alves;10;Comercial;Tijuca
1122;02/12/2024;20/12/2024;Freezer;Motor Queimado;0;1179.75;274.06;905.69;18;Rodrigo Alves;10;Residencial;Barra
1142;05/11/2024;08/02/2024;Geladeira;Sem Resfriamento;0;587.69;227.11;360.58;-271;Rodrigo Alves;10;Comercial;Zona Sul
1160;20/07/2024;17/11/2024;Ar Condicionado;Vazamento;0;790.94;182.72;608.22;120;Rodrigo Alves;10;Residencial;Zona Sul
1162;23/11/2024;01/05/2024;Freezer;Motor Queimado;0;281.67;87.60;194.07;-206;Rodrigo Alves;10;Residencial;Zona Norte
1171;24/10/2024;12/08/2024;Geladeira;Sem Resfriamento;1;354.16;449.09;-94.93;-73;Rodrigo Alves;10;Residencial;Barra
1219;16/08/2024;14/05/2024;Freezer;Placa Defeito;0;700.61;391.47;309.14;-94;Rodrigo Alves;10;Residencial;Tijuca
1221;05/08/2024;22/12/2024;Freezer;Motor Queimado;0;1000.79;454.39;546.40;139;Rodrigo Alves;10;Residencial;Tijuca
1227;25/04/2024;11/10/2024;Geladeira;Motor Queimado;0;1295.24;208.39;1086.85;169;Rodrigo Alves;10;Residencial;Zona Sul
1234;31/10/2024;20/12/2024;Ar Condicionado;Placa Defeito;1;1181.39;318.03;863.36;50;Rodrigo Alves;10;Residencial;Barra
1277;15/06/2024;06/01/2024;Geladeira;Vazamento;0;1047.48;214.16;833.32;-161;Rodrigo Alves;10;Residencial;Barra
1337;24/10/2024;30/05/2024;Freezer;Placa Defeito;0;586.02;519.96;66.06;-147;Rodrigo Alves;10;Residencial;Barra
1359;07/05/2024;24/05/2024;Geladeira;Vazamento;0;885.77;302.49;583.28;17;Rodrigo Alves;10;Residencial;Tijuca
1373;07/04/2024;29/04/2024;Ar Condicionado;Vazamento;0;1127.19;293.33;833.86;22;Rodrigo Alves;10;Residencial;Centro
1391;04/02/2024;13/10/2024;Freezer;Placa Defeito;0;815.47;196.26;619.21;252;Rodrigo Alves;10;Residencial;Tijuca
1436;08/10/2024;15/09/2024;Ar Condicionado;Motor Queimado;1;278.91;166.53;112.38;-23;Rodrigo Alves;10;Residencial;Zona Sul
1466;14/07/2024;27/04/2024;Ar Condicionado;Motor Queimado;0;1330.26;89.57;1240.69;-78;Rodrigo Alves;10;Residencial;Zona Sul
1477;19/11/2024;17/04/2024;Ar Condicionado;Placa Defeito;0;232.56;482.60;-250.04;-216;Rodrigo Alves;10;Residencial;Barra
1533;12/04/2024;16/04/2024;Geladeira;Placa Defeito;0;1231.82;246.16;985.66;4;Rodrigo Alves;10;Residencial;Barra
1548;29/01/2024;16/08/2024;Geladeira;Motor Queimado;0;368.70;135.88;232.82;200;Rodrigo Alves;10;Comercial;Tijuca
1063;30/12/2024;08/11/2024;Ar Condicionado;Sem Resfriamento;0;1030.29;467.99;562.30;-52;Mateus Carvalho;6;Residencial;Zona Sul
1076;04/08/2024;30/10/2024;Geladeira;Motor Queimado;0;1267.80;565.91;701.89;87;Mateus Carvalho;6;Residencial;Barra
1087;17/12/2024;25/01/2024;Ar Condicionado;Vazamento;0;502.58;301.06;201.52;-327;Mateus Carvalho;6;Residencial;Copacabana
1113;18/07/2024;07/01/2024;Geladeira;Motor Queimado;0;1351.04;94.33;1256.71;-193;Mateus Carvalho;6;Residencial;Zona Sul
1121;20/03/2024;02/02/2024;Freezer;Motor Queimado;0;663.45;188.92;474.53;-47;Mateus Carvalho;6;Residencial;Tijuca
1132;23/10/2024;18/09/2024;Freezer;Vazamento;0;1237.79;482.34;755.45;-35;Mateus Carvalho;6;Residencial;Tijuca
1143;26/03/2024;09/10/2024;Freezer;Placa Defeito;0;714.34;125.85;588.49;197;Mateus Carvalho;6;Residencial;Zona Norte
1173;01/10/2024;28/11/2024;Freezer;Vazamento;0;1290.91;268.22;1022.69;58;Mateus Carvalho;6;Residencial;Zona Sul
1275;09/04/2024;15/03/2024;Freezer;Motor Queimado;0;254.64;289.00;-34.36;-25;Mateus Carvalho;6;Residencial;Tijuca
1292;20/01/2024;18/07/2024;Geladeira;Placa Defeito;0;420.64;278.27;142.37;180;Mateus Carvalho;6;Residencial;Centro
1366;02/01/2024;01/06/2024;Geladeira;Motor Queimado;0;334.17;330.99;3.18;151;Mateus Carvalho;6;Residencial;Barra
1367;24/09/2024;01/04/2024;Geladeira;Vazamento;1;543.14;504.13;39.01;-176;Mateus Carvalho;6;Residencial;Tijuca
1372;01/04/2024;01/12/2024;Geladeira;Placa Defeito;0;1144.56;490.11;654.45;244;Mateus Carvalho;6;Residencial;Barra
1380;07/09/2024;23/01/2024;Geladeira;Vazamento;0;1335.46;513.10;822.36;-228;Mateus Carvalho;6;Comercial;Tijuca
1414;24/05/2024;18/10/2024;Freezer;Placa Defeito;0;1167.87;244.34;923.53;147;Mateus Carvalho;6;Residencial;Zona Sul
1416;25/02/2024;12/09/2024;Geladeira;Motor Queimado;0;834.01;421.59;412.42;200;Mateus Carvalho;6;Residencial;Centro
1428;02/10/2024;21/11/2024;Geladeira;Placa Defeito;0;929.99;394.79;535.20;50;Mateus Carvalho;6;Comercial;Tijuca
1444;25/09/2024;06/09/2024;Ar Condicionado;Motor Queimado;0;501.61;151.11;350.50;-19;Mateus Carvalho;6;Residencial;Zona Norte
1465;28/09/2024;29/10/2024;Ar Condicionado;Placa Defeito;0;596.25;201.02;395.23;31;Mateus Carvalho;6;Residencial;Zona Norte
1515;08/01/2024;18/01/2024;Ar Condicionado;Sem Resfriamento;0;848.66;137.94;710.72;10;Mateus Carvalho;6;Residencial;Tijuca
1516;06/04/2024;22/10/2024;Ar Condicionado;Motor Queimado;0;464.49;431.12;33.37;199;Mateus Carvalho;6;Residencial;Centro
1554;12/09/2024;07/10/2024;Geladeira;Motor Queimado;0;613.07;495.20;117.87;25;Mateus Carvalho;6;Residencial;Zona Norte
1555;26/06/2024;14/10/2024;Ar Condicionado;Motor Queimado;0;1233.92;97.49;1136.43;110;Mateus Carvalho;6;Comercial;Centro
1095;30/09/2024;21/05/2024;Geladeira;Placa Defeito;1;1332.41;459.62;872.79;-132;Caio Rodrigues;1;Residencial;Zona Norte
1098;02/04/2024;31/12/2024;Geladeira;Motor Queimado;0;1044.71;568.48;476.23;273;Caio Rodrigues;1;Residencial;Barra
1112;11/08/2024;19/02/2024;Freezer;Vazamento;0;1266.15;493.25;772.90;-174;Caio Rodrigues;1;Residencial;Zona Norte
1116;10/09/2024;11/02/2024;Ar Condicionado;Vazamento;0;812.59;577.24;235.35;-212;Caio Rodrigues;1;Residencial;Barra
1117;18/01/2024;21/07/2024;Geladeira;Sem Resfriamento;0;983.14;417.51;565.63;185;Caio Rodrigues;1;Residencial;Zona Sul
1129;12/06/2024;17/10/2024;Freezer;Vazamento;0;446.63;453.66;-7.03;127;Caio Rodrigues;1;Comercial;Barra
1169;13/02/2024;04/01/2024;Geladeira;Vazamento;0;558.23;85.58;472.65;-40;Caio Rodrigues;1;Comercial;Tijuca
1175;13/10/2024;22/09/2024;Geladeira;Placa Defeito;0;302.01;166.10;135.91;-21;Caio Rodrigues;1;Residencial;Barra
1204;23/08/2024;07/11/2024;Ar Condicionado;Sem Resfriamento;1;1042.94;542.64;500.30;76;Caio Rodrigues;1;Residencial;Tijuca
1214;25/07/2024;16/07/2024;Geladeira;Motor Queimado;0;964.92;404.89;560.03;-9;Caio Rodrigues;1;Comercial;Tijuca
1244;12/01/2024;03/02/2024;Freezer;Motor Queimado;1;1172.35;220.41;951.94;22;Caio Rodrigues;1;Comercial;Tijuca
1261;26/03/2024;27/09/2024;Freezer;Sem Resfriamento;0;623.19;221.13;402.06;185;Caio Rodrigues;1;Residencial;Barra
1272;16/07/2024;28/12/2024;Freezer;Motor Queimado;1;228.41;544.45;-316.04;165;Caio Rodrigues;1;Comercial;Zona Sul
1290;14/09/2024;12/07/2024;Ar Condicionado;Motor Queimado;0;377.70;206.36;171.34;-64;Caio Rodrigues;1;Residencial;Zona Norte
1323;24/03/2024;28/01/2024;Geladeira;Vazamento;0;494.08;510.27;-16.19;-56;Caio Rodrigues;1;Comercial;Centro
1330;24/01/2024;20/02/2024;Ar Condicionado;Motor Queimado;0;626.60;272.15;354.45;27;Caio Rodrigues;1;Comercial;Barra
1344;29/02/2024;06/08/2024;Freezer;Placa Defeito;0;324.63;146.62;178.01;159;Caio Rodrigues;1;Residencial;Tijuca
1347;30/03/2024;30/12/2024;Geladeira;Motor Queimado;0;1226.58;247.78;978.80;275;Caio Rodrigues;1;Residencial;Barra
1349;26/06/2024;02/03/2024;Geladeira;Vazamento;1;259.01;479.11;-220.10;-116;Caio Rodrigues;1;Residencial;Zona Norte
1357;25/10/2024;12/10/2024;Ar Condicionado;Sem Resfriamento;0;651.48;171.03;480.45;-13;Caio Rodrigues;1;Residencial;Barra
1401;22/12/2024;17/05/2024;Freezer;Vazamento;0;588.83;289.81;299.02;-219;Caio Rodrigues;1;Residencial;Copacabana
1409;27/08/2024;25/05/2024;Ar Condicionado;Vazamento;0;1284.84;182.57;1102.27;-94;Caio Rodrigues;1;Residencial;Barra
1421;17/01/2024;02/02/2024;Geladeira;Sem Resfriamento;1;313.46;447.28;-133.82;16;Caio Rodrigues;1;Comercial;Centro
1424;10/01/2024;08/07/2024;Ar Condicionado;Motor Queimado;0;1255.25;441.99;813.26;180;Caio Rodrigues;1;Comercial;Centro
1431;26/06/2024;29/04/2024;Ar Condicionado;Placa Defeito;0;581.23;428.48;152.75;-58;Caio Rodrigues;1;Residencial;Tijuca
1445;02/11/2024;16/10/2024;Ar Condicionado;Placa Defeito;0;1253.82;441.53;812.29;-17;Caio Rodrigues;1;Residencial;Centro
1446;28/10/2024;14/09/2024;Geladeira;Motor Queimado;1;1074.42;526.20;548.22;-44;Caio Rodrigues;1;Residencial;Centro
1459;24/08/2024;08/01/2024;Ar Condicionado;Motor Queimado;0;897.47;348.54;548.93;-229;Caio Rodrigues;1;Residencial;Zona Sul
1505;13/01/2024;22/10/2024;Geladeira;Placa Defeito;0;937.94;214.78;723.16;283;Caio Rodrigues;1;Residencial;Copacabana
1517;12/02/2024;24/03/2024;Geladeira;Motor Queimado;0;430.23;271.70;158.53;41;Caio Rodrigues;1;Residencial;Tijuca
1537;12/08/2024;08/01/2024;Geladeira;Motor Queimado;0;430.33;126.52;303.81;-217;Caio Rodrigues;1;Residencial;Barra
1105;17/08/2024;14/12/2024;Freezer;Motor Queimado;1;291.49;173.95;117.54;119;Henrique Gomes;13;Residencial;Tijuca
1141;24/11/2024;29/03/2024;Ar Condicionado;Motor Queimado;0;919.54;501.78;417.76;-240;Henrique Gomes;13;Residencial;Tijuca
1153;29/06/2024;22/02/2024;Ar Condicionado;Sem Resfriamento;0;1300.41;572.18;728.23;-128;Henrique Gomes;13;Residencial;Zona Norte
1159;19/09/2024;06/10/2024;Ar Condicionado;Vazamento;0;1302.52;375.64;926.88;17;Henrique Gomes;13;Residencial;Zona Sul
1176;15/08/2024;21/03/2024;Freezer;Vazamento;0;993.18;301.60;691.58;-147;Henrique Gomes;13;Residencial;Copacabana
1208;24/10/2024;17/04/2024;Geladeira;Motor Queimado;0;812.47;164.35;648.12;-190;Henrique Gomes;13;Residencial;Zona Sul
1252;12/11/2024;20/06/2024;Geladeira;Placa Defeito;1;795.26;529.45;265.81;-145;Henrique Gomes;13;Residencial;Copacabana
1263;16/11/2024;28/01/2024;Geladeira;Vazamento;0;791.32;264.05;527.27;-293;Henrique Gomes;13;Residencial;Zona Sul
1271;21/03/2024;26/07/2024;Geladeira;Motor Queimado;0;684.34;107.69;576.65;127;Henrique Gomes;13;Residencial;Tijuca
1279;03/03/2024;11/05/2024;Geladeira;Vazamento;1;859.23;294.95;564.28;69;Henrique Gomes;13;Residencial;Zona Sul
1302;19/09/2024;08/05/2024;Ar Condicionado;Motor Queimado;0;829.11;546.16;282.95;-134;Henrique Gomes;13;Residencial;Zona Norte
1304;03/03/2024;26/10/2024;Geladeira;Sem Resfriamento;0;293.37;240.35;53.02;237;Henrique Gomes;13;Residencial;Barra
1306;27/02/2024;22/08/2024;Freezer;Sem Resfriamento;0;1087.74;264.24;823.50;177;Henrique Gomes;13;Comercial;Barra
1307;13/05/2024;25/06/2024;Geladeira;Vazamento;0;1350.58;207.08;1143.50;43;Henrique Gomes;13;Residencial;Tijuca
1328;11/03/2024;04/07/2024;Geladeira;Placa Defeito;0;1073.09;497.72;575.37;115;Henrique Gomes;13;Residencial;Centro
1350;05/04/2024;18/11/2024;Geladeira;Sem Resfriamento;0;335.56;238.13;97.43;227;Henrique Gomes;13;Residencial;Zona Sul
1364;01/08/2024;20/08/2024;Geladeira;Vazamento;0;1000.95;381.07;619.88;19;Henrique Gomes;13;Comercial;Centro
1393;21/01/2024;29/09/2024;Freezer;Vazamento;1;628.88;182.96;445.92;252;Henrique Gomes;13;Residencial;Centro
1450;03/05/2024;13/06/2024;Ar Condicionado;Vazamento;0;1234.58;95.53;1139.05;41;Henrique Gomes;13;Comercial;Barra
1470;04/08/2024;10/09/2024;Geladeira;Motor Queimado;0;860.78;362.74;498.04;37;Henrique Gomes;13;Residencial;Copacabana
1499;06/06/2024;03/03/2024;Geladeira;Sem Resfriamento;0;646.14;247.83;398.31;-95;Henrique Gomes;13;Residencial;Tijuca
1510;19/01/2024;08/11/2024;Geladeira;Placa Defeito;0;516.97;521.56;-4.59;294;Henrique Gomes;13;Comercial;Centro
1552;16/12/2024;30/06/2024;Freezer;Motor Queimado;0;700.28;477.50;222.78;-169;Henrique Gomes;13;Residencial;Zona Sul
